source_id,source_so_ky_hieu,target_so_ky_hieu,trigger,evidence
166170,32/2024/QH15,7/2010/QH12,thay thế,"7/2010/QH12 đã được sửa đổi, bổ sung một số điều theo Luật số 17/2017/QH14 cho đến hết nhiệ"
166170,32/2024/QH15,17/2017/QH14,thay thế,"7/2010/QH12 đã được sửa đổi, bổ sung một số điều theo Luật số 17/2017/QH14 cho đến hết nhiệm kỳ của Ban kiểm soát, thành viên Ban kiểm soát, trừ trường hợ"
38128,37/2014/TT-NHNN,46/2010/QH12,Căn cứ,c tiền Việt Nam ____________________ Căn cứ Luật Ngân hàng Nhà nước Việt Nam số 46/2010/QH12 ; Căn cứ Nghị định số 156/2013/NĐ-CP ngày 11/11/2013 của Chính phủ quy định chứ
38128,37/2014/TT-NHNN,156/2013/NĐ-CP,Căn cứ,"_ Căn cứ Luật Ngân hàng Nhà nước Việt Nam số 46/2010/QH12 ; Căn cứ Nghị định số 156/2013/NĐ-CP ngày 11/11/2013 của Chính phủ quy định chức năng, nhiệm vụ, quyền hạn và cơ cấu"
38128,37/2014/TT-NHNN,40/2012/NĐ-CP,Căn cứ,"uyền hạn và cơ cấu tổ chức của Ngân hàng Nhà nước Việt Nam; Căn cứ Nghị định số 40/2012/NĐ-CP ngày 02/5/2012 của Chính phủ về nghiệp vụ phát hành tiền; bảo quản, vận chuyển"
38128,37/2014/TT-NHNN,23/2009/TT-NHNN,thay thế,"ư này có hiệu lực thi hành từ ngày 12 tháng 01 năm 2015 và thay thế Thông tư số 23/2009/TT-NHNN ngày 02/12/2009 quy định việc thiết kế mẫu, chế bản và quản lý in, đúc tiền Việ"
26750,67/2011/QH12,51/2001/QH10,Căn cứ,"nghĩa Việt Nam năm 1992 đã được sửa đổi, bổ sung một số điều theo Nghị quyết số 51/2001/QH10; Quốc hội ban hành Luật Kiểm toán độc lập, Chương I NHỮNG QUY ĐỊNH CHUNG Điều 1"
163441,46/2023/NĐ-CP,08/2022/QH15,Căn cứ,HOẠT ĐỘNG Kính gửi: Bộ trưởng Bộ Tài chính. Căn cứ Luật Kinh doanh bảo hiểm số 08/2022/QH15 ngày 16/6/2022 và các văn bản hướng dẫn thi hành; Chúng tôi (sau đây gọi là chủ
163441,46/2023/NĐ-CP,14/2023/NĐ-CP,Căn cứ,"cứ Luật Kinh doanh bảo hiểm số 08/2022/QH15 ngày 16/6/2022; Căn cứ Nghị định số 14/2023/NĐ-CP ngày 20/4/2023 của Chính phủ quy định chức năng, nhiệm vụ, quyền hạn và cơ cấu"
163441,46/2023/NĐ-CP,16/2022/QH15,Căn cứ,... tháng ... năm ... BỘ TRƯỞNG BỘ TÀI CHÍNH Căn cứ Luật Kinh doanh bảo hiểm số 16/2022/QH15 ngày 16/6/2022; Căn cứ Nghị định số 14/2023/NĐ-CP ngày 20/4/2023 của Chính phủ
163441,46/2023/NĐ-CP,73/2016/NĐ-CP,thay thế,ạn khoản đầu tư này. 4. Nghị định này thay thế các văn bản sau: a) Nghị định số 73/2016/NĐ-CP ngày 01 tháng 7 năm 2016 của Chính phủ quy định chi tiết thi hành Luật Kinh doa
168220,27/2024/TT-NHNN,102/2022/NĐ-CP,Căn cứ,"năm 2024; Căn cứ Luật Hợp tác xã ngày 20 tháng 6 năm 2023; Căn cứ Nghị định số 102/2022/NĐ-CP ngày 12 tháng 12 năm 2022 của Chính phủ quy định chức năng, nhiệm vụ, quyền hạn"
168220,27/2024/TT-NHNN,31/2012/TT-NHNN,bãi bỏ,có hiệu lực từ ngày 01 tháng 7 năm 2024. 2. Thông tư này bãi bỏ: a) Thông tư số 31/2012/TT-NHNN ngày 26 tháng 11 năm 2012 của Thống đốc Ngân hàng Nhà nước quy định về ngân hàn
168220,27/2024/TT-NHNN,09/2016/TT-NHNN,bãi bỏ,"a Thống đốc Ngân hàng Nhà nước quy định về ngân hàng hợp tác xã; b) Thông tư số 09/2016/TT-NHNN ngày 17 tháng 6 năm 2016 sửa đổi, bổ sung một số điều của Thông tư số 31/2012/T"
168220,27/2024/TT-NHNN,03/2014/TT-NHNN,bãi bỏ,a Thống đốc Ngân hàng Nhà nước quy định về ngân hàng hợp tác xã; c) Thông tư số 03/2014/TT-NHNN ngày 23 tháng 01 năm 2014 của Thống đ
169221,43/2024/TT-NHNN,01/2014/TT-NHNN,Căn cứ,ều của Thông tư số 01/2014/TT-NHNN ngày 10 tháng 12 năm 2014 của Thống đốc Ngân hàng Nhà nước Việt Nam hướng dẫn v
169221,43/2024/TT-NHNN,50/2014/NĐ-CP,Căn cứ,t số điều của Pháp lệnh Ngoại hối ngày 18 tháng 3 năm 2013; Căn cứ Nghị định số 50/2014/NĐ-CP ngày 20 tháng 5 năm 2014 của Chính phủ về quản lý dự trữ ngoại hối nhà nước; Că
169221,43/2024/TT-NHNN,102/2022/NĐ-CP,Căn cứ,ăm 2014 của Chính phủ về quản lý dự trữ ngoại hối nhà nước; Căn cứ Nghị định số 102/2022/NĐ-CP ngày 12 tháng 12 năm 2022 của Chính phủ quy đ
169221,43/2024/TT-NHNN,01/2014/TT-NHNN,"Sửa đổi, bổ sung","ngày 09 tháng 8 năm 2024 THÔNG TƯ Sửa đổi, bổ sung một số điều của Thông tư số 01/2014/TT-NHNN ngày 10 tháng 12 năm 2014 của Thống đốc Ngân hàng Nhà nước Việt Nam hướng dẫn v"
169221,43/2024/TT-NHNN,12/2023/TT-NHNN,"Sửa đổi, bổ sung","1 và khoản 5 Điều 14 (đã được sửa đổi, bổ sung bởi khoản 11 Điều 1 Thông tư số 12/2023/TT-NHNN ngày 12/10/2023 của Thống đốc Ngân hàng Nhà nước Việt Nam sửa đổi, bổ sung một"
169221,43/2024/TT-NHNN,12/2023/TT,"Sửa đổi, bổ sung",dự trữ ngoại hối nhà nước và Sở Giao dịch theo quy định tại Điều 13 Thông tư số 12/2023/TT-
169221,43/2024/TT-NHNN,01/2020/TT-NHNN,"Sửa đổi, bổ sung","iểm c khoản 2 Điều 30 (đã được sửa đổi, bổ sung bởi khoản 13 Điều 1 Thông tư số 01/2020/TT-NHNN ngày 31/12/2020 của Thống đốc Ngân hàng Nhà nước Việt Nam sửa đổi, bổ sung một"
169221,43/2024/TT-NHNN,01/2014/TT-NHNN,bãi bỏ,"ng tư này.” Điều 2. Thay thế, bổ sung và bãi bỏ một số quy định của Thông tư số 01/2014/TT-NHNN 1. Thay thế Phụ lục số 01, Phụ lục số 03, Phụ lục số 04, Phụ lục số 06, Phụ lục"
169221,43/2024/TT-NHNN,12/2023/TT-NHNN,bãi bỏ,"Phụ lục số 06, Phụ lục số 07 và Phụ lục số 08 (đã được thay thế bởi Thông tư số 12/2023/TT-NHNN) bằng Phụ lục số 01, Phụ lục số 03, Phụ lục số 04, Phụ lục số 06, Phụ lục số 07"
169221,43/2024/TT-NHNN,01/2020/TT-NHNN,bãi bỏ,"khoản 4, khoản 5, khoản 9, khoản 16 Điều 1, khoản 3, khoản 4 Điều 2 Thông tư số 01/2020/TT-NHNN. 3. Thông tư này bãi bỏ điểm a khoản 2, điểm b khoản 3, khoản 4, khoản 5, khoản"
169221,43/2024/TT-NHNN,01/2014/TT-NHNN,thay thế,"y.” Điều 2. Thay thế, bổ sung và bãi bỏ một số quy định của Thông tư số 01/2014/TT-NHNN 1. Thay thế Phụ lục số 01, Phụ lục số 03, Phụ lục số 04, Phụ lục số 06, Phụ lục"
169221,43/2024/TT-NHNN,12/2023/TT-NHNN,thay thế,"Phụ lục số 06, Phụ lục số 07 và Phụ lục số 08 (đã được thay thế bởi Thông tư số 12/2023/TT-NHNN) bằng Phụ lục số 01, Phụ lục số 03, Phụ lục số 04, Phụ lục số 06, Phụ lục số 07"
f69936f0-6937-11f1-a48d-29bc6b0fd706,17/VBHN-BTC,158/2020/NĐ-CP,Căn cứ,a Chính phủ) và Nghị định số 158/2020/NĐ-CP ngày 31 tháng 12 năm 2020 của Chính phủ về chứng khoán phái sinh và thị trường
30402,202/2012/TT-BTC,67/2011/QH12,Căn cứ,n viên hành nghề kiểm toán ___________________ Căn cứ Luật Kiểm toán độc lập số 67/2011/QH12 ngày 29 tháng 3 năm 2011; Căn cứ Nghị định số 17/2012/NĐ-CP ngày 13/3/2012 của
30402,202/2012/TT-BTC,17/2012/NĐ-CP,Căn cứ,Kiểm toán độc lập số 67/2011/QH12 ngày 29 tháng 3 năm 2011; Căn cứ Nghị định số 17/2012/NĐ-CP ngày 13/3/2012 của Chính phủ quy định chi tiết và hướng dẫn thi hành một số điề
30402,202/2012/TT-BTC,118/2008/NĐ-CP,Căn cứ,"hướng dẫn thi hành một số điều của Luật kiểm toán độc lập; Căn cứ Nghị định số 118/2008/NĐ-CP ngày 27/11/2008 của Chính phủ Quy định chức năng, nhiệm vụ, quyền hạn và cơ cấu"
173460,57/2024/TT-NHNN,102/2022/NĐ-CP,Căn cứ,"Căn cứ Luật Các tổ chức tín dụng ngày 18 tháng 01 năm 2024; Căn cứ Nghị định số 102/2022/NĐ-CP ngày 12 tháng 12 năm 2022 của Chính phủ quy định chức năng, nhiệm vụ, quyền hạn"
173460,57/2024/TT-NHNN,162/2024/NĐ-CP,Căn cứ,uyền hạn và cơ cấu tổ chức của Ngân hàng Nhà nước Việt Nam; Căn cứ Nghị định số 162/2024/NĐ-CP ngày 20 tháng 12 năm 2024 của Chính phủ quy định điều kiện cấp Giấy phép
27257,44/2011/TT-NHNN,46/2010/QH12,Căn cứ,"dụng, chi nhánh ngân hàng nước ngoài Căn cứ Luật Ngân hàng Nhà nước Việt Nam số 46/2010/QH12 ngày 16 tháng 6 năm 2010; Căn cứ Luật Các tổ chức tín dụng số 47/2010/QH12 ngày"
27257,44/2011/TT-NHNN,47/2010/QH12,Căn cứ,m số 46/2010/QH12 ngày 16 tháng 6 năm 2010; Căn cứ Luật Các tổ chức tín dụng số 47/2010/QH12 ngày 16 tháng 6 năm 2010; Căn cứ Nghị định số 96/2008/NĐ-CP ngày 26/8/2008 của
27257,44/2011/TT-NHNN,96/2008/NĐ-CP,Căn cứ,"tổ chức tín dụng số 47/2010/QH12 ngày 16 tháng 6 năm 2010; Căn cứ Nghị định số 96/2008/NĐ-CP ngày 26/8/2008 của Chính phủ quy định chức năng, nhiệm vụ, quyền hạn và cơ cấu"
143217,66/2020/TT-BTC,88/2015/QH,Căn cứ,Quy chế mẫu về kiểm toán nội bộ áp dụng cho doanh nghiệp Căn cứ Luật kế toán số 88/2015/QH 13 ngày 20 tháng 11 năm 2015; Căn cứ Nghị định số 05/2019/NĐ-CP ngày 22 thảng 0
143217,66/2020/TT-BTC,05/2019/NĐ-CP,Căn cứ,cứ Luật kế toán số 88/2015/QH 13 ngày 20 tháng 11 năm 2015; Căn cứ Nghị định số 05/2019/NĐ-CP ngày 22 thảng 01 năm 2019 của Chính phủ về kiếm toán nội bộ; Căn cứ Nghị định s
143217,66/2020/TT-BTC,87/2017/NĐ-CP,Căn cứ,"gày 22 thảng 01 năm 2019 của Chính phủ về kiếm toán nội bộ; Căn cứ Nghị định số 87/2017/NĐ-CP ngày 26 tháng 7 năm 2017 của Chính phủ quy định chức năng, nhiệm vụ, quyền hạn"
168859,29/2024/TT-NHNN,102/2022/NĐ-CP,Căn cứ,"năm 2024; Căn cứ Luật Hợp tác xã ngày 17 tháng 6 năm 2023; Căn cứ Nghị định số 102/2022/NĐ-CP ngày 12 tháng 12 năm 2022 của Chính phủ quy định chức năng, nhiệm vụ, quyền hạn"
168859,29/2024/TT-NHNN,04/2015/TT-NHNN,bãi bỏ,u lực thi hành từ ngày 01 tháng 7 năm 2024. 2. Thông tư này bãi bỏ: a) Thông tư 04/2015/TT-NHNN ngày 31/03/2015 của Thống đốc Ngân hàng Nhà nước quy định về quỹ tín dụng nhân
168859,29/2024/TT-NHNN,06/2017/TT-NHNN,bãi bỏ,"Thống đốc Ngân hàng Nhà nước quy định về quỹ tín dụng nhân dân; b) Thông tư số 06/2017/TT-NHNN ngày 05/7/2017 của Thống đốc Ngân hàng sửa đổi, bổ sung một số điều của Thông t"
168859,29/2024/TT-NHNN,03/2014/TT-NHNN,bãi bỏ,"05/7/2017 của Thống đốc Ngân hàng sửa đổi, bổ sung một số điều của Thông tư số 03/2014/TT-NHNN ngày 23/01/2014 của Thống đốc Ngân hàng Nhà nước quy định về quỹ bảo đảm an toà"
150974,08/2021/TT-BTC,8/2021/TT-BTC,Căn cứ,"Hạnh phúc Số: 8/2021/TT-BTC Hà Nội, ngày 25 tháng 01 năm 2021 THÔNG TƯ Ban hành chuẩn mực kiểm toán nội bộ"
150974,08/2021/TT-BTC,88/2015/QH13,Căn cứ,ghề nghiệp kiểm toán nội bộ ‾‾‾‾‾‾‾‾‾‾‾‾‾‾‾‾‾‾‾‾‾‾‾‾‾‾‾‾ Căn cứ Luật kế toán số 88/2015/QH13 ngày 20 tháng 11 năm 2015; Căn cứ Nghị định 05/2019/NĐ-CP ngày 22 tháng 01 năm
150974,08/2021/TT-BTC,05/2019/NĐ-CP,Căn cứ,Căn cứ Luật kế toán số 88/2015/QH13 ngày 20 tháng 11 năm 2015; Căn cứ Nghị định 05/2019/NĐ-CP ngày 22 tháng 01 năm 2019 của Chính phủ về kiểm toán nội bộ; Căn cứ Nghị định s
150974,08/2021/TT-BTC,87/2017/NĐ-CP,Căn cứ,"gày 22 tháng 01 năm 2019 của Chính phủ về kiểm toán nội bộ; Căn cứ Nghị định số 87/2017/NĐ-CP ngày 26 tháng 7 năm 2017 của Chính phủ quy định chức năng, nhiệm vụ, quyền hạn"
164719,22/2023/TT-NHNN,41/2016/TT-NHNN,Căn cứ,"i, bổ sung một số điều của Thông tư số 41/2016/TT-NHNN ngày 30 tháng 12 năm 2016 của Thống đốc Ngân hàng Nhà nước Việt Nam quy định tỷ"
164719,22/2023/TT-NHNN,102/2022/NĐ-CP,Căn cứ,"ều của Luật Các tổ chức tín dụng ngày 20 tháng 11 năm 2017; Căn cứ Nghị định số 102/2022/NĐ-CP ngày 12 tháng 12 năm 2022 của Chính phủ quy định chức năng, nhiệm vụ, quyền hạn"
164719,22/2023/TT-NHNN,41/2016/TT-NHNN,"Sửa đổi, bổ sung","ngày 29 tháng 12 năm 2023 THÔNG TƯ Sửa đổi, bổ sung một số điều của Thông tư số 41/2016/TT-NHNN ngày 30 tháng 12 năm 2016 của Thống đốc Ngân hàng Nhà nước Việt Nam quy định tỷ"
173695,56/2024/TT-NHNN,102/2022/NĐ-CP,Căn cứ,"Căn cứ Luật Các tổ chức tín dụng ngày 18 tháng 01 năm 2024; Căn cứ Nghị định số 102/2022/NĐ-CP ngày 12 tháng 12 năm 2022 của Chính phủ quy định chức năng, nhiệm vụ, quyền hạn"
186482,69/2025/TT-NHNN,46/2010/QH12,Căn cứ,"anh, đơn giản hóa thủ tục hành chính Căn cứ Luật Ngân hàng Nhà nước Việt Nam số 46/2010/QH12; Căn cứ Luật Các tổ chức tín dụng số 32/2024/QH15 được sửa đổi, bổ sung bởi Luậ"
186482,69/2025/TT-NHNN,32/2024/QH15,Căn cứ,"gân hàng Nhà nước Việt Nam số 46/2010/QH12; Căn cứ Luật Các tổ chức tín dụng số 32/2024/QH15 được sửa đổi, bổ sung bởi Luật số 96/2025/QH15; Căn cứ Nghị định số 26/2025/NĐ-"
186482,69/2025/TT-NHNN,96/2025/QH15,Căn cứ,"cứ Luật Các tổ chức tín dụng số 32/2024/QH15 được sửa đổi, bổ sung bởi Luật số 96/2025/QH15; Căn cứ Nghị định số 26/2025/NĐ-CP của Chính phủ quy định chức năng, nhiệm vụ,"
186482,69/2025/TT-NHNN,26/2025/NĐ-CP,Căn cứ,"2/2024/QH15 được sửa đổi, bổ sung bởi Luật số 96/2025/QH15; Căn cứ Nghị định số 26/2025/NĐ-CP của Chính phủ quy định chức năng, nhiệm vụ, quyền hạn và cơ cấu tổ chức của Ngâ"
186482,69/2025/TT-NHNN,46/2010/QH12,"Sửa đổi, bổ sung","anh, đơn giản hóa thủ tục hành chính Căn cứ Luật Ngân hàng Nhà nước Việt Nam số 46/2010/QH12; Căn cứ Luật Các tổ chức tín dụng số 32/2024/QH15 được sửa đổi, bổ sung bởi Luậ"
186482,69/2025/TT-NHNN,32/2024/QH15,"Sửa đổi, bổ sung","gân hàng Nhà nước Việt Nam số 46/2010/QH12; Căn cứ Luật Các tổ chức tín dụng số 32/2024/QH15 được sửa đổi, bổ sung bởi Luật số 96/2025/QH15; Căn cứ Nghị định số 26/2025/NĐ-"
186482,69/2025/TT-NHNN,96/2025/QH15,"Sửa đổi, bổ sung","cứ Luật Các tổ chức tín dụng số 32/2024/QH15 được sửa đổi, bổ sung bởi Luật số 96/2025/QH15; Căn cứ Nghị định số 26/2025/NĐ-CP c"
186482,69/2025/TT-NHNN,26/2025/NĐ-CP,"Sửa đổi, bổ sung","2/2024/QH15 được sửa đổi, bổ sung bởi Luật số 96/2025/QH15; Căn cứ Nghị định số 26/2025/NĐ-CP c"
186482,69/2025/TT-NHNN,19/2013/TT,"Sửa đổi, bổ sung","MỘT SỐ ĐIỀU CỦA THÔNG TƯ SỐ 19/2013/TT- NHNN CỦA THỐNG ĐỐC NGÂN HÀNG NHÀ NƯỚC VIỆT NAM QUY ĐỊNH VỀ VIỆC MUA, BÁN VÀ XỬ"
186482,69/2025/TT-NHNN,43/2015/TT,"Sửa đổi, bổ sung","Điều 37 Thông tư này.”. Chương II SỬA ĐỔI, BỔ SUNG MỘT SỐ ĐIỀU CỦA THÔNG TƯ SỐ 43/2015/TT- NHNN CỦA THỐNG ĐỐC NGÂN HÀNG NHÀ NƯỚC VIỆT NAM QUY ĐỊNH VỀ TỔ CHỨC VÀ HOẠT ĐỘN"
186482,69/2025/TT-NHNN,53/2018/TT,"Sửa đổi, bổ sung",ỘT SỐ ĐIỀU CỦA THÔNG TƯ SỐ 53/2018/TT- NHNN CỦA THỐNG ĐỐC NGÂN HÀNG NHÀ NƯỚC VIỆT NAM QUY ĐỊNH VỀ MẠNG LƯỚI HOẠT ĐỘNG
112924,105/2016/TT-BTC,28/2005/PL-UBTVQH,Căn cứ,ật Kinh doanh bảo hiểm ngày 24 tháng 11 năm 2010; Căn cứ Pháp lệnh Ngoại hối số 28/2005/PL-UBTVQH ngày 13 thá
112924,105/2016/TT-BTC,06/2013/PL,Căn cứ,h Ngoại hối số 28/2005/PL-UBTVQH ngày 13 tháng 12 năm 2005; Căn cứ Pháp lệnh số 06/2013/PL
112924,105/2016/TT-BTC,06/2013/PL-UBTVQH13,Căn cứ,"h Ngoại hối số 28/2005/PL-UBTVQH ngày 13 tháng 12 năm 2005; Căn cứ Pháp lệnh số 06/2013/PL-UBTVQH13 ngày 18 tháng 03 năm 2013 sửa đổi, bổ su"
112924,105/2016/TT-BTC,215/2013/NĐ-CP,Căn cứ,"2013 sửa đổi, bổ sung một số điều của Pháp lệnh Ngoại hối; Căn cứ Nghị định số 215/2013/NĐ-CP ngày 23 tháng"
112924,105/2016/TT-BTC,135/2015/NĐ-CP,Căn cứ,"ng, nhiệm vụ, quyền hạn và cơ cấu tổ chức của Bộ Tài chính; Căn cứ Nghị định số 135/2015/NĐ-CP ngày 31 tháng 12 nă"
174218,62/2024/TT-NHNN,102/2022/NĐ-CP,Căn cứ,"năm 2020; Căn cứ Luật Cạnh tranh ngày 12 tháng 6 năm 2018; Căn cứ Nghị định số 102/2022/NĐ-CP ngày 12 tháng 12 năm 2022 của Chính phủ quy định chức năng, nhiệm vụ, quyền hạn"
186888,62/2025/TT-NHNN,46/2010/QH12,Căn cứ,"hợp tác xã, tổ chức tài chính vi mô Căn cứ Luật Ngân hàng Nhà nước Việt Nam số 46/2010/QH12; Căn cứ Luật Các tổ chức tín dụng số 32/2024/QH15 được sửa đổi, bổ sung bởi Luậ"
186888,62/2025/TT-NHNN,32/2024/QH15,Căn cứ,"gân hàng Nhà nước Việt Nam số 46/2010/QH12; Căn cứ Luật Các tổ chức tín dụng số 32/2024/QH15 được sửa đổi, bổ sung bởi Luật số 96/2025/QH15; Căn cứ Nghị định số 26/2025/NĐ-"
186888,62/2025/TT-NHNN,96/2025/QH15,Căn cứ,"cứ Luật Các tổ chức tín dụng số 32/2024/QH15 được sửa đổi, bổ sung bởi Luật số 96/2025/QH15; Căn cứ Nghị định số 26/2025/NĐ-CP của Chính phủ quy định chức năng, nhiệm vụ,"
186888,62/2025/TT-NHNN,26/2025/NĐ-CP,Căn cứ,"2/2024/QH15 được sửa đổi, bổ sung bởi Luật số 96/2025/QH15; Căn cứ Nghị định số 26/2025/NĐ-CP của Chính phủ quy định chức năng, nhiệm vụ, quyền hạn và cơ cấu tổ chức của Ngâ"
186888,62/2025/TT-NHNN,44/2011/TT-NHNN,bãi bỏ,ày có hiệu lực từ ngày 01 tháng 01 năm 2027. 2. Thông tư này bãi bỏ Thông tư số 44/2011/TT-NHNN ngày 29 tháng 12 năm 2011 của Thống đốc Ngân hàng Nhà nước Việt Nam quy định về
6e689cd0-6f81-11f1-94d6-fd5d6d5ff793,52/VBHN-NHNN,102/2022/NĐ-CP,Căn cứ,"Căn cứ Luật Các tổ chức tín dụng ngày 18 tháng 01 năm 2024; Căn cứ Nghị định số 102/2022/NĐ-CP ngày 12 tháng 12 năm 2022 của Chính phủ quy định chức năng, nhiệm vụ, quyền hạn"
6e689cd0-6f81-11f1-94d6-fd5d6d5ff793,52/VBHN-NHNN,162/2024/NĐ-CP,Căn cứ,HIỂM XÃ HỘI Kính gửi: Thống đốc Ngân hàng Nhà nước Việt Nam Căn cứ Nghị định số 162/2024/NĐ-CP ngày 20 tháng 12 năm 2024 của Chính phủ quy định điều kiện cấp Giấy phép đối vớ
185630,63/2025/TT-NHNN,46/2010/QH12,Căn cứ,"số Thông tư về quỹ tín dụng nhân dân Căn cứ Luật Ngân hàng Nhà nước Việt Nam số 46/2010/QH12; Căn cứ Luật Các tổ chức tín dụng số 32/2024/QH15 được sửa đổi, bổ sung bởi Luậ"
185630,63/2025/TT-NHNN,32/2024/QH15,Căn cứ,"gân hàng Nhà nước Việt Nam số 46/2010/QH12; Căn cứ Luật Các tổ chức tín dụng số 32/2024/QH15 được sửa đổi, bổ sung bởi Luật số 96/2025/QH15; Căn cứ Luật Hợp tác xã số 17/20"
185630,63/2025/TT-NHNN,96/2025/QH15,Căn cứ,"cứ Luật Các tổ chức tín dụng số 32/2024/QH15 được sửa đổi, bổ sung bởi Luật số 96/2025/QH15; Căn cứ Luật Hợp tác xã số 17/2023/QH15; Căn cứ Nghị định số 26/2025/NĐ-CP của"
185630,63/2025/TT-NHNN,17/2023/QH15,Căn cứ,"/QH15 được sửa đổi, bổ sung bởi Luật số 96/2025/QH15; Căn cứ Luật Hợp tác xã số 17/2023/QH15; Căn cứ Nghị định số 26/2025/NĐ-CP của Chính phủ quy định chức năng, nhiệm vụ,"
185630,63/2025/TT-NHNN,26/2025/NĐ-CP,Căn cứ,"ật số 96/2025/QH15; Căn cứ Luật Hợp tác xã số 17/2023/QH15; Căn cứ Nghị định số 26/2025/NĐ-CP của Chính phủ quy định chức năng, nhiệm vụ, quyền hạn và cơ cấu tổ chức của Ngâ"
185630,63/2025/TT-NHNN,46/2010/QH12,"Sửa đổi, bổ sung","số Thông tư về quỹ tín dụng nhân dân Căn cứ Luật Ngân hàng Nhà nước Việt Nam số 46/2010/QH12; Căn cứ Luật Các tổ chức tín dụng số 32/2024/QH15 được sửa đổi, bổ sung bởi Luậ"
185630,63/2025/TT-NHNN,32/2024/QH15,"Sửa đổi, bổ sung","gân hàng Nhà nước Việt Nam số 46/2010/QH12; Căn cứ Luật Các tổ chức tín dụng số 32/2024/QH15 được sửa đổi, bổ sung bởi Luật số 96/2025/QH15; Căn cứ Luật Hợp tác xã số 17/20"
185630,63/2025/TT-NHNN,96/2025/QH15,"Sửa đổi, bổ sung","cứ Luật Các tổ chức tín dụng số 32/2024/QH15 được sửa đổi, bổ sung bởi Luật số 96/2025/QH15; Căn cứ Luật Hợp tác xã số 17/2023/QH15; Căn cứ Nghị định số 26/2025/NĐ-CP của"
185630,63/2025/TT-NHNN,17/2023/QH15,"Sửa đổi, bổ sung","/QH15 được sửa đổi, bổ sung bởi Luật số 96/2025/QH15; Căn cứ Luật Hợp tác xã số 17/2023/QH15; Căn cứ Nghị định số 26/2025/NĐ-CP của Chính phủ quy định chức năng, nhiệm vụ,"
185630,63/2025/TT-NHNN,26/2025/NĐ-CP,"Sửa đổi, bổ sung","ật số 96/2025/QH15; Căn cứ Luật Hợp tác xã số 17/2023/QH15; Căn cứ Nghị định số 26/2025/NĐ-CP của Chính phủ quy định chức năng, nhiệm vụ, quyền hạn và cơ cấu tổ chức của Ngâ"
185630,63/2025/TT-NHNN,29/2024/TT-NHNN,"Sửa đổi, bổ sung","về quỹ tín dụng nhân dân. Chương I SỬA ĐỔI, BỔ SUNG MỘT SỐ ĐIỀU CỦA THÔNG TƯ SỐ 29/2024/TT-NHNN QUY ĐỊNH VỀ QUỸ TÍN DỤNG NHÂN DÂN Điều 1. Sửa đổi, bổ sung điểm d khoản 2 Điều"
185630,63/2025/TT-NHNN,01/2025/TT-NHNN,"Sửa đổi, bổ sung","án đã được phê duyệt.”. Chương II SỬA ĐỔI, BỔ SUNG MỘT SỐ ĐIỀU CỦA THÔNG TƯ SỐ 01/2025/TT-NHNN QUY ĐỊNH VỀ CẤP GIẤY PHÉP LẦN ĐẦU, CẤP ĐỔI GIẤY PHÉP CỦA QUỸ TÍN DỤNG NHÂN DÂN"
185630,63/2025/TT-NHNN,10/2025/TT-NHNN,"Sửa đổi, bổ sung","tư số 01/2025/TT-NHNN. Chương III SỬA ĐỔI, BỔ SUNG MỘT SỐ ĐIỀU CỦA THÔNG TƯ SỐ 10/2025/TT-NHNN QUY ĐỊNH VỀ TỔ CHỨC LẠI, THU HỒI GIẤY PHÉP VÀ THANH LÝ TÀI SẢN CỦA QUỸ TÍN DỤNG"
185630,63/2025/TT-NHNN,08/2025/TT-NHNN,bãi bỏ,"áng 02 năm 2026. 2. Thông tư này bãi bỏ quy định tại khoản 1 Điều 2 Thông tư số 08/2025/TT-NHNN ngày 06 tháng 6 năm 2025 của Thống đốc Ngân hàng Nhà nước Việt Nam sửa đổi, bổ"
185630,63/2025/TT-NHNN,43/2015/TT-NHNN,bãi bỏ,"ng đốc Ngân hàng Nhà nước Việt Nam sửa đổi, bổ sung một số điều của Thông tư số 43/2015/TT-NHNN ngày 31 tháng 12 năm 2015 của Thống đốc Ngân hàng Nhà nước Việt Nam quy định về"
117310,41/2016/TT-NHNN,46/2010/QH12,Căn cứ,"hàng, chi nhánh ngân hàng nước ngoài Căn cứ Luật Ngân hàng Nhà nước Việt Nam số 46/2010/QH12 ngày 16 tháng 6 năm 2010; Căn cứ Luật các tổ chức tín dụng số 47/2010/QH12 ngày"
117310,41/2016/TT-NHNN,47/2010/QH12,Căn cứ,m số 46/2010/QH12 ngày 16 tháng 6 năm 2010; Căn cứ Luật các tổ chức tín dụng số 47/2010/QH12 ngày 16 tháng 6 năm 2010; Căn cứ Nghị định số 156/2013/NĐ-CP ngày 11 tháng 11 n
117310,41/2016/TT-NHNN,156/2013/NĐ-CP,Căn cứ,"tổ chức tín dụng số 47/2010/QH12 ngày 16 tháng 6 năm 2010; Căn cứ Nghị định số 156/2013/NĐ-CP ngày 11 tháng 11 năm 2013 của Chính phủ quy định chức năng, nhiệm vụ, quyền hạn"
166269,17/2023/QH15,23/2012/QH13,bãi bỏ,"tác xã, liên hiệp hợp tác xã được ban hành theo quy định của Luật Hợp tác xã số 23/2012/QH13 được tiếp tục thực hiện cho đến khi hết thời gian áp dụng chính sách hoặc có vă"
166269,17/2023/QH15,23/2012/QH13,thay thế,"tác xã, liên hiệp hợp tác xã được ban hành theo quy định của Luật Hợp tác xã số 23/2012/QH13 được tiếp tục thực hiện cho đến khi hết thời gian áp dụng chính sách hoặc có vă"
44209,01/2014/TT-NHNN,46/2010/QH12,Căn cứ,"iền mặt, tài sản quý, giấy tờ có giá Căn cứ Luật Ngân hàng Nhà nước Việt Nam số 46/2010/QH12 ngày 16 tháng 6 năm 2010; Căn cứ Luật Các tổ chức tín dụng số 47/2010/QH12 ngày"
44209,01/2014/TT-NHNN,47/2010/QH12,Căn cứ,m số 46/2010/QH12 ngày 16 tháng 6 năm 2010; Căn cứ Luật Các tổ chức tín dụng số 47/2010/QH12 ngày 16 tháng 6 năm 2010; Căn cứ Nghị định số 156/2013/NĐ-CP ngày 11 tháng 11 n
44209,01/2014/TT-NHNN,156/2013/NĐ-CP,Căn cứ,"tổ chức tín dụng số 47/2010/QH12 ngày 16 tháng 6 năm 2010; Căn cứ Nghị định số 156/2013/NĐ-CP ngày 11 tháng 11 năm 2013 của Chính phủ quy định chức năng, nhiệm vụ, quyền hạn"
44209,01/2014/TT-NHNN,40/2012/NĐ-CP,Căn cứ,uyền hạn và cơ cấu tổ chức của Ngân hàng Nhà nước Việt Nam; Căn cứ Nghị định số 40/2012/NĐ-CP ngày 02 tháng 5 năm 2012 của Chính phủ về n
25692,46/2010/QH12,51/2001/QH10,Căn cứ,"nghĩa Việt Nam năm 1992 đã được sửa đổi, bổ sung một số điều theo Nghị quyết số 51/2001/QH10; Quốc hội ban hành Luật Ngân hàng Nhà nước Việt Nam. Chương I NHỮNG QUY ĐỊNH CH"
