source_kind,source_id,source_name,target_kind,target_id,target_name,relationship_type,method,confidence,evidence
Document,38128,37/2014/TT-NHNN,Document,46/2010/QH12,46/2010/QH12,THAM_CHIEU,rule,0.9,c tiền Việt Nam ____________________ Căn cứ Luật Ngân hàng Nhà nước Việt Nam số 46/2010/QH12 ; Căn cứ Nghị định số 156/2013/NĐ-CP ngày 11/11/2013 của Chính phủ quy định chứ
Document,73/2016/NĐ-CP,73/2016/NĐ-CP,Document,163441,46/2023/NĐ-CP,THAY_THE_BOI,rule,0.9,ạn khoản đầu tư này. 4. Nghị định này thay thế các văn bản sau: a) Nghị định số 73/2016/NĐ-CP ngày 01 tháng 7 năm 2016 của Chính phủ quy định chi tiết thi hành Luật Kinh doa
Document,169221,43/2024/TT-NHNN,Document,01/2014/TT-NHNN,01/2014/TT-NHNN,THAM_CHIEU,rule,0.9,ều của Thông tư số 01/2014/TT-NHNN ngày 10 tháng 12 năm 2014 của Thống đốc Ngân hàng Nhà nước Việt Nam hướng dẫn v
Document,169221,43/2024/TT-NHNN,Document,01/2014/TT-NHNN,01/2014/TT-NHNN,SUA_DOI_BO_SUNG,rule,0.9,"ngày 09 tháng 8 năm 2024 THÔNG TƯ Sửa đổi, bổ sung một số điều của Thông tư số 01/2014/TT-NHNN ngày 10 tháng 12 năm 2014 của Thống đốc Ngân hàng Nhà nước Việt Nam hướng dẫn v"
Document,01/2014/TT-NHNN,01/2014/TT-NHNN,Document,169221,43/2024/TT-NHNN,THAY_THE_BOI,rule,0.9,"ng tư này.” Điều 2. Thay thế, bổ sung và bãi bỏ một số quy định của Thông tư số 01/2014/TT-NHNN 1. Thay thế Phụ lục số 01, Phụ lục số 03, Phụ lục số 04, Phụ lục số 06, Phụ lục"
Document,30402,202/2012/TT-BTC,Document,67/2011/QH12,67/2011/QH12,THAM_CHIEU,rule,0.9,n viên hành nghề kiểm toán ___________________ Căn cứ Luật Kiểm toán độc lập số 67/2011/QH12 ngày 29 tháng 3 năm 2011; Căn cứ Nghị định số 17/2012/NĐ-CP ngày 13/3/2012 của
Document,27257,44/2011/TT-NHNN,Document,46/2010/QH12,46/2010/QH12,THAM_CHIEU,rule,0.9,"dụng, chi nhánh ngân hàng nước ngoài Căn cứ Luật Ngân hàng Nhà nước Việt Nam số 46/2010/QH12 ngày 16 tháng 6 năm 2010; Căn cứ Luật Các tổ chức tín dụng số 47/2010/QH12 ngày"
Document,143217,66/2020/TT-BTC,Document,05/2019/NĐ-CP,05/2019/NĐ-CP,THAM_CHIEU,rule,0.9,cứ Luật kế toán số 88/2015/QH 13 ngày 20 tháng 11 năm 2015; Căn cứ Nghị định số 05/2019/NĐ-CP ngày 22 thảng 01 năm 2019 của Chính phủ về kiếm toán nội bộ; Căn cứ Nghị định s
Document,150974,08/2021/TT-BTC,Document,05/2019/NĐ-CP,05/2019/NĐ-CP,THAM_CHIEU,rule,0.9,Căn cứ Luật kế toán số 88/2015/QH13 ngày 20 tháng 11 năm 2015; Căn cứ Nghị định 05/2019/NĐ-CP ngày 22 tháng 01 năm 2019 của Chính phủ về kiểm toán nội bộ; Căn cứ Nghị định s
Document,164719,22/2023/TT-NHNN,Document,41/2016/TT-NHNN,41/2016/TT-NHNN,THAM_CHIEU,rule,0.9,"i, bổ sung một số điều của Thông tư số 41/2016/TT-NHNN ngày 30 tháng 12 năm 2016 của Thống đốc Ngân hàng Nhà nước Việt Nam quy định tỷ"
Document,164719,22/2023/TT-NHNN,Document,41/2016/TT-NHNN,41/2016/TT-NHNN,SUA_DOI_BO_SUNG,rule,0.9,"ngày 29 tháng 12 năm 2023 THÔNG TƯ Sửa đổi, bổ sung một số điều của Thông tư số 41/2016/TT-NHNN ngày 30 tháng 12 năm 2016 của Thống đốc Ngân hàng Nhà nước Việt Nam quy định tỷ"
Document,186482,69/2025/TT-NHNN,Document,46/2010/QH12,46/2010/QH12,THAM_CHIEU,rule,0.9,"anh, đơn giản hóa thủ tục hành chính Căn cứ Luật Ngân hàng Nhà nước Việt Nam số 46/2010/QH12; Căn cứ Luật Các tổ chức tín dụng số 32/2024/QH15 được sửa đổi, bổ sung bởi Luậ"
Document,186482,69/2025/TT-NHNN,Document,32/2024/QH15,32/2024/QH15,THAM_CHIEU,rule,0.9,"gân hàng Nhà nước Việt Nam số 46/2010/QH12; Căn cứ Luật Các tổ chức tín dụng số 32/2024/QH15 được sửa đổi, bổ sung bởi Luật số 96/2025/QH15; Căn cứ Nghị định số 26/2025/NĐ-"
Document,186482,69/2025/TT-NHNN,Document,46/2010/QH12,46/2010/QH12,SUA_DOI_BO_SUNG,rule,0.9,"anh, đơn giản hóa thủ tục hành chính Căn cứ Luật Ngân hàng Nhà nước Việt Nam số 46/2010/QH12; Căn cứ Luật Các tổ chức tín dụng số 32/2024/QH15 được sửa đổi, bổ sung bởi Luậ"
Document,186482,69/2025/TT-NHNN,Document,32/2024/QH15,32/2024/QH15,SUA_DOI_BO_SUNG,rule,0.9,"gân hàng Nhà nước Việt Nam số 46/2010/QH12; Căn cứ Luật Các tổ chức tín dụng số 32/2024/QH15 được sửa đổi, bổ sung bởi Luật số 96/2025/QH15; Căn cứ Nghị định số 26/2025/NĐ-"
Document,112924,105/2016/TT-BTC,Document,135/2015/NĐ-CP,135/2015/NĐ-CP,THAM_CHIEU,rule,0.9,"ng, nhiệm vụ, quyền hạn và cơ cấu tổ chức của Bộ Tài chính; Căn cứ Nghị định số 135/2015/NĐ-CP ngày 31 tháng 12 nă"
Document,186888,62/2025/TT-NHNN,Document,46/2010/QH12,46/2010/QH12,THAM_CHIEU,rule,0.9,"hợp tác xã, tổ chức tài chính vi mô Căn cứ Luật Ngân hàng Nhà nước Việt Nam số 46/2010/QH12; Căn cứ Luật Các tổ chức tín dụng số 32/2024/QH15 được sửa đổi, bổ sung bởi Luậ"
Document,186888,62/2025/TT-NHNN,Document,32/2024/QH15,32/2024/QH15,THAM_CHIEU,rule,0.9,"gân hàng Nhà nước Việt Nam số 46/2010/QH12; Căn cứ Luật Các tổ chức tín dụng số 32/2024/QH15 được sửa đổi, bổ sung bởi Luật số 96/2025/QH15; Căn cứ Nghị định số 26/2025/NĐ-"
Document,44/2011/TT-NHNN,44/2011/TT-NHNN,Document,186888,62/2025/TT-NHNN,THAY_THE_BOI,rule,0.9,ày có hiệu lực từ ngày 01 tháng 01 năm 2027. 2. Thông tư này bãi bỏ Thông tư số 44/2011/TT-NHNN ngày 29 tháng 12 năm 2011 của Thống đốc Ngân hàng Nhà nước Việt Nam quy định về
Document,185630,63/2025/TT-NHNN,Document,46/2010/QH12,46/2010/QH12,THAM_CHIEU,rule,0.9,"số Thông tư về quỹ tín dụng nhân dân Căn cứ Luật Ngân hàng Nhà nước Việt Nam số 46/2010/QH12; Căn cứ Luật Các tổ chức tín dụng số 32/2024/QH15 được sửa đổi, bổ sung bởi Luậ"
Document,185630,63/2025/TT-NHNN,Document,32/2024/QH15,32/2024/QH15,THAM_CHIEU,rule,0.9,"gân hàng Nhà nước Việt Nam số 46/2010/QH12; Căn cứ Luật Các tổ chức tín dụng số 32/2024/QH15 được sửa đổi, bổ sung bởi Luật số 96/2025/QH15; Căn cứ Luật Hợp tác xã số 17/20"
Document,185630,63/2025/TT-NHNN,Document,17/2023/QH15,17/2023/QH15,THAM_CHIEU,rule,0.9,"/QH15 được sửa đổi, bổ sung bởi Luật số 96/2025/QH15; Căn cứ Luật Hợp tác xã số 17/2023/QH15; Căn cứ Nghị định số 26/2025/NĐ-CP của Chính phủ quy định chức năng, nhiệm vụ,"
Document,185630,63/2025/TT-NHNN,Document,46/2010/QH12,46/2010/QH12,SUA_DOI_BO_SUNG,rule,0.9,"số Thông tư về quỹ tín dụng nhân dân Căn cứ Luật Ngân hàng Nhà nước Việt Nam số 46/2010/QH12; Căn cứ Luật Các tổ chức tín dụng số 32/2024/QH15 được sửa đổi, bổ sung bởi Luậ"
Document,185630,63/2025/TT-NHNN,Document,32/2024/QH15,32/2024/QH15,SUA_DOI_BO_SUNG,rule,0.9,"gân hàng Nhà nước Việt Nam số 46/2010/QH12; Căn cứ Luật Các tổ chức tín dụng số 32/2024/QH15 được sửa đổi, bổ sung bởi Luật số 96/2025/QH15; Căn cứ Luật Hợp tác xã số 17/20"
Document,185630,63/2025/TT-NHNN,Document,17/2023/QH15,17/2023/QH15,SUA_DOI_BO_SUNG,rule,0.9,"/QH15 được sửa đổi, bổ sung bởi Luật số 96/2025/QH15; Căn cứ Luật Hợp tác xã số 17/2023/QH15; Căn cứ Nghị định số 26/2025/NĐ-CP của Chính phủ quy định chức năng, nhiệm vụ,"
Document,185630,63/2025/TT-NHNN,Document,29/2024/TT-NHNN,29/2024/TT-NHNN,SUA_DOI_BO_SUNG,rule,0.9,"về quỹ tín dụng nhân dân. Chương I SỬA ĐỔI, BỔ SUNG MỘT SỐ ĐIỀU CỦA THÔNG TƯ SỐ 29/2024/TT-NHNN QUY ĐỊNH VỀ QUỸ TÍN DỤNG NHÂN DÂN Điều 1. Sửa đổi, bổ sung điểm d khoản 2 Điều"
Document,185630,63/2025/TT-NHNN,Document,01/2025/TT-NHNN,01/2025/TT-NHNN,SUA_DOI_BO_SUNG,rule,0.9,"án đã được phê duyệt.”. Chương II SỬA ĐỔI, BỔ SUNG MỘT SỐ ĐIỀU CỦA THÔNG TƯ SỐ 01/2025/TT-NHNN QUY ĐỊNH VỀ CẤP GIẤY PHÉP LẦN ĐẦU, CẤP ĐỔI GIẤY PHÉP CỦA QUỸ TÍN DỤNG NHÂN DÂN"
Document,117310,41/2016/TT-NHNN,Document,46/2010/QH12,46/2010/QH12,THAM_CHIEU,rule,0.9,"hàng, chi nhánh ngân hàng nước ngoài Căn cứ Luật Ngân hàng Nhà nước Việt Nam số 46/2010/QH12 ngày 16 tháng 6 năm 2010; Căn cứ Luật các tổ chức tín dụng số 47/2010/QH12 ngày"
Document,44209,01/2014/TT-NHNN,Document,46/2010/QH12,46/2010/QH12,THAM_CHIEU,rule,0.9,"iền mặt, tài sản quý, giấy tờ có giá Căn cứ Luật Ngân hàng Nhà nước Việt Nam số 46/2010/QH12 ngày 16 tháng 6 năm 2010; Căn cứ Luật Các tổ chức tín dụng số 47/2010/QH12 ngày"
Document,166170,32/2024/QH15,Entity,E0004,Quốc hội,BAN_HANH_BOI,metadata,1.0,enriched_metadata.co_quan_ban_hanh = 'Quốc hội' (id=166170)
Document,166170,32/2024/QH15,Entity,E0073,Vương Đình Huệ,KY_BOI,metadata,1.0,enriched_metadata.nguoi_ky = 'Vương Đình Huệ' (id=166170)
Document,166170,32/2024/QH15,Entity,E0059,Tín dụng,THUOC_LINH_VUC,metadata,1.0,enriched_metadata.linh_vuc = 'Tín dụng' (id=166170)
Document,166170,32/2024/QH15,Entity,E0036,Tổ chức tín dụng,AP_DUNG_CHO,gemini,0.75,enriched_metadata.doi_tuong_ap_dung = 'Tổ chức tín dụng' (id=166170)
Document,166170,32/2024/QH15,Entity,E0017,chi nhánh ngân hàng nước ngoài,AP_DUNG_CHO,gemini,0.75,enriched_metadata.doi_tuong_ap_dung = 'chi nhánh ngân hàng nước ngoài' (id=166170)
Document,166170,32/2024/QH15,Entity,E0041,văn phòng đại diện nước ngoài,AP_DUNG_CHO,gemini,0.75,enriched_metadata.doi_tuong_ap_dung = 'văn phòng đại diện nước ngoài' (id=166170)
Document,112025,73/2016/NĐ-CP,Entity,E0002,Chính phủ,BAN_HANH_BOI,metadata,1.0,enriched_metadata.co_quan_ban_hanh = 'Chính phủ' (id=112025)
Document,112025,73/2016/NĐ-CP,Entity,E0066,Nguyễn Xuân Phúc,KY_BOI,metadata,1.0,enriched_metadata.nguoi_ky = 'Nguyễn Xuân Phúc' (id=112025)
Document,112025,73/2016/NĐ-CP,Entity,E0044,Bảo hiểm,THUOC_LINH_VUC,gemini,0.75,enriched_metadata.linh_vuc = 'Bảo hiểm' (id=112025)
Document,112025,73/2016/NĐ-CP,Entity,E0021,Doanh nghiệp bảo hiểm,AP_DUNG_CHO,gemini,0.75,enriched_metadata.doi_tuong_ap_dung = 'Doanh nghiệp bảo hiểm' (id=112025)
Document,112025,73/2016/NĐ-CP,Entity,E0005,chi nhánh nước ngoài,AP_DUNG_CHO,gemini,0.75,enriched_metadata.doi_tuong_ap_dung = 'chi nhánh nước ngoài' (id=112025)
Document,112025,73/2016/NĐ-CP,Entity,E0024,doanh nghiệp môi giới bảo hiểm,AP_DUNG_CHO,gemini,0.75,enriched_metadata.doi_tuong_ap_dung = 'doanh nghiệp môi giới bảo hiểm' (id=112025)
Document,38128,37/2014/TT-NHNN,Entity,E0003,Ngân hàng Nhà nước Việt Nam,BAN_HANH_BOI,metadata,1.0,enriched_metadata.co_quan_ban_hanh = 'Ngân hàng Nhà nước Việt Nam' (id=38128)
Document,38128,37/2014/TT-NHNN,Entity,E0075,Đào Minh Tú,KY_BOI,metadata,1.0,enriched_metadata.nguoi_ky = 'Đào Minh Tú' (id=38128)
Document,38128,37/2014/TT-NHNN,Entity,E0054,Phát hành và kho quỹ,THUOC_LINH_VUC,metadata,1.0,enriched_metadata.linh_vuc = 'Phát hành và kho quỹ' (id=38128)
Document,38128,37/2014/TT-NHNN,Entity,E0013,Nhà máy in tiền Quốc gia,AP_DUNG_CHO,gemini,0.75,enriched_metadata.doi_tuong_ap_dung = 'Nhà máy in tiền Quốc gia' (id=38128)
Document,26750,67/2011/QH12,Entity,E0004,Quốc hội,BAN_HANH_BOI,metadata,1.0,enriched_metadata.co_quan_ban_hanh = 'Quốc hội' (id=26750)
Document,26750,67/2011/QH12,Entity,E0064,Nguyễn Phú Trọng,KY_BOI,metadata,1.0,enriched_metadata.nguoi_ky = 'Nguyễn Phú Trọng' (id=26750)
Document,26750,67/2011/QH12,Entity,E0011,kiểm toán viên,AP_DUNG_CHO,gemini,0.75,enriched_metadata.doi_tuong_ap_dung = 'kiểm toán viên' (id=26750)
Document,26750,67/2011/QH12,Entity,E0028,kiểm toán viên hành nghề,AP_DUNG_CHO,gemini,0.75,enriched_metadata.doi_tuong_ap_dung = 'kiểm toán viên hành nghề' (id=26750)
Document,26750,67/2011/QH12,Entity,E0023,doanh nghiệp kiểm toán,AP_DUNG_CHO,gemini,0.75,enriched_metadata.doi_tuong_ap_dung = 'doanh nghiệp kiểm toán' (id=26750)
Document,26750,67/2011/QH12,Entity,E0016,chi nhánh doanh nghiệp kiểm toán nước ngoài tại Việt Nam,AP_DUNG_CHO,gemini,0.75,enriched_metadata.doi_tuong_ap_dung = 'chi nhánh doanh nghiệp kiểm toán nước ngoài tại Việt Nam' (id=26750)
Document,26750,67/2011/QH12,Entity,E0043,đơn vị được kiểm toán,AP_DUNG_CHO,gemini,0.75,enriched_metadata.doi_tuong_ap_dung = 'đơn vị được kiểm toán' (id=26750)
Document,163441,46/2023/NĐ-CP,Entity,E0002,Chính phủ,BAN_HANH_BOI,metadata,1.0,enriched_metadata.co_quan_ban_hanh = 'Chính phủ' (id=163441)
Document,163441,46/2023/NĐ-CP,Entity,E0063,Lê Minh Khái,KY_BOI,metadata,1.0,enriched_metadata.nguoi_ky = 'Lê Minh Khái' (id=163441)
Document,163441,46/2023/NĐ-CP,Entity,E0044,Bảo hiểm,THUOC_LINH_VUC,metadata,1.0,enriched_metadata.linh_vuc = 'Bảo hiểm' (id=163441)
Document,163441,46/2023/NĐ-CP,Entity,E0021,Doanh nghiệp bảo hiểm,AP_DUNG_CHO,gemini,0.75,enriched_metadata.doi_tuong_ap_dung = 'Doanh nghiệp bảo hiểm' (id=163441)
Document,163441,46/2023/NĐ-CP,Entity,E0024,doanh nghiệp môi giới bảo hiểm,AP_DUNG_CHO,gemini,0.75,enriched_metadata.doi_tuong_ap_dung = 'doanh nghiệp môi giới bảo hiểm' (id=163441)
Document,146468,156/2020/NĐ-CP,Entity,E0002,Chính phủ,BAN_HANH_BOI,metadata,1.0,enriched_metadata.co_quan_ban_hanh = 'Chính phủ' (id=146468)
Document,146468,156/2020/NĐ-CP,Entity,E0066,Nguyễn Xuân Phúc,KY_BOI,metadata,1.0,enriched_metadata.nguoi_ky = 'Nguyễn Xuân Phúc' (id=146468)
Document,146468,156/2020/NĐ-CP,Entity,E0045,Chứng khoán,THUOC_LINH_VUC,metadata,1.0,enriched_metadata.linh_vuc = 'Chứng khoán' (id=146468)
Document,168220,27/2024/TT-NHNN,Entity,E0003,Ngân hàng Nhà nước Việt Nam,BAN_HANH_BOI,metadata,1.0,enriched_metadata.co_quan_ban_hanh = 'Ngân hàng Nhà nước Việt Nam' (id=168220)
Document,168220,27/2024/TT-NHNN,Entity,E0075,Đào Minh Tú,KY_BOI,metadata,1.0,enriched_metadata.nguoi_ky = 'Đào Minh Tú' (id=168220)
Document,168220,27/2024/TT-NHNN,Entity,E0012,Ngân hàng hợp tác xã,AP_DUNG_CHO,gemini,0.75,enriched_metadata.doi_tuong_ap_dung = 'Ngân hàng hợp tác xã' (id=168220)
Document,168220,27/2024/TT-NHNN,Entity,E0032,Quỹ tín dụng nhân dân,AP_DUNG_CHO,gemini,0.75,enriched_metadata.doi_tuong_ap_dung = 'Quỹ tín dụng nhân dân' (id=168220)
Document,133858,05/2019/NĐ-CP,Entity,E0002,Chính phủ,BAN_HANH_BOI,metadata,1.0,enriched_metadata.co_quan_ban_hanh = 'Chính phủ' (id=133858)
Document,133858,05/2019/NĐ-CP,Entity,E0066,Nguyễn Xuân Phúc,KY_BOI,metadata,1.0,enriched_metadata.nguoi_ky = 'Nguyễn Xuân Phúc' (id=133858)
Document,133858,05/2019/NĐ-CP,Entity,E0049,Kiểm toán,THUOC_LINH_VUC,gemini,0.75,enriched_metadata.linh_vuc = 'Kiểm toán' (id=133858)
Document,133858,05/2019/NĐ-CP,Entity,E0019,Cơ quan nhà nước,AP_DUNG_CHO,gemini,0.75,enriched_metadata.doi_tuong_ap_dung = 'Cơ quan nhà nước' (id=133858)
Document,133858,05/2019/NĐ-CP,Entity,E0042,đơn vị sự nghiệp công lập,AP_DUNG_CHO,gemini,0.75,enriched_metadata.doi_tuong_ap_dung = 'đơn vị sự nghiệp công lập' (id=133858)
Document,133858,05/2019/NĐ-CP,Entity,E0020,doanh nghiệp,AP_DUNG_CHO,gemini,0.75,enriched_metadata.doi_tuong_ap_dung = 'doanh nghiệp' (id=133858)
Document,169221,43/2024/TT-NHNN,Entity,E0003,Ngân hàng Nhà nước Việt Nam,BAN_HANH_BOI,metadata,1.0,enriched_metadata.co_quan_ban_hanh = 'Ngân hàng Nhà nước Việt Nam' (id=169221)
Document,169221,43/2024/TT-NHNN,Entity,E0069,Phạm Thanh Hà,KY_BOI,metadata,1.0,enriched_metadata.nguoi_ky = 'Phạm Thanh Hà' (id=169221)
Document,169221,43/2024/TT-NHNN,Entity,E0056,Quản lý ngoại hối,THUOC_LINH_VUC,metadata,1.0,enriched_metadata.linh_vuc = 'Quản lý ngoại hối' (id=169221)
Document,169221,43/2024/TT-NHNN,Entity,E0010,Kho bạc Nhà nước,AP_DUNG_CHO,gemini,0.75,enriched_metadata.doi_tuong_ap_dung = 'Kho bạc Nhà nước' (id=169221)
Document,95652,135/2015/NĐ-CP,Entity,E0002,Chính phủ,BAN_HANH_BOI,metadata,1.0,enriched_metadata.co_quan_ban_hanh = 'Chính phủ' (id=95652)
Document,95652,135/2015/NĐ-CP,Entity,E0065,Nguyễn Tấn Dũng,KY_BOI,metadata,1.0,enriched_metadata.nguoi_ky = 'Nguyễn Tấn Dũng' (id=95652)
Document,95652,135/2015/NĐ-CP,Entity,E0062,Đầu tư,THUOC_LINH_VUC,gemini,0.75,enriched_metadata.linh_vuc = 'Đầu tư' (id=95652)
Document,95652,135/2015/NĐ-CP,Entity,E0014,Tổ chức kinh tế,AP_DUNG_CHO,gemini,0.75,enriched_metadata.doi_tuong_ap_dung = 'Tổ chức kinh tế' (id=95652)
Document,95652,135/2015/NĐ-CP,Entity,E0006,cá nhân có quốc tịch Việt Nam,AP_DUNG_CHO,gemini,0.75,enriched_metadata.doi_tuong_ap_dung = 'cá nhân có quốc tịch Việt Nam' (id=95652)
Document,95652,135/2015/NĐ-CP,Entity,E0031,ngân hàng thương mại,AP_DUNG_CHO,gemini,0.75,enriched_metadata.doi_tuong_ap_dung = 'ngân hàng thương mại' (id=95652)
Document,95652,135/2015/NĐ-CP,Entity,E0022,doanh nghiệp kinh doanh bảo hiểm,AP_DUNG_CHO,gemini,0.75,enriched_metadata.doi_tuong_ap_dung = 'doanh nghiệp kinh doanh bảo hiểm' (id=95652)
Document,f69936f0-6937-11f1-a48d-29bc6b0fd706,17/VBHN-BTC,Entity,E0001,Bộ Tài chính,BAN_HANH_BOI,metadata,1.0,enriched_metadata.co_quan_ban_hanh = 'Bộ Tài chính' (id=f69936f0-6937-11f1-a48d-29bc6b0fd706)
Document,f69936f0-6937-11f1-a48d-29bc6b0fd706,17/VBHN-BTC,Entity,E0068,Nguyễn Đức Chi,KY_BOI,metadata,1.0,enriched_metadata.nguoi_ky = 'Nguyễn Đức Chi' (id=f69936f0-6937-11f1-a48d-29bc6b0fd706)
Document,f69936f0-6937-11f1-a48d-29bc6b0fd706,17/VBHN-BTC,Entity,E0046,Chứng khoán và thị trường chứng khoán,THUOC_LINH_VUC,gemini,0.75,enriched_metadata.linh_vuc = 'Chứng khoán và thị trường chứng khoán' (id=f69936f0-6937-11f1-a48d-29bc6b0fd706)
Document,30402,202/2012/TT-BTC,Entity,E0001,Bộ Tài chính,BAN_HANH_BOI,metadata,1.0,enriched_metadata.co_quan_ban_hanh = 'Bộ Tài chính' (id=30402)
Document,30402,202/2012/TT-BTC,Entity,E0071,Trần Xuân Hà,KY_BOI,metadata,1.0,enriched_metadata.nguoi_ky = 'Trần Xuân Hà' (id=30402)
Document,30402,202/2012/TT-BTC,Entity,E0055,Quản lý dịch vụ tài chính và các quỹ tài chính,THUOC_LINH_VUC,metadata,1.0,enriched_metadata.linh_vuc = 'Quản lý dịch vụ tài chính và các quỹ tài chính' (id=30402)
Document,30402,202/2012/TT-BTC,Entity,E0028,Kiểm toán viên hành nghề,AP_DUNG_CHO,gemini,0.75,enriched_metadata.doi_tuong_ap_dung = 'Kiểm toán viên hành nghề' (id=30402)
Document,30402,202/2012/TT-BTC,Entity,E0023,doanh nghiệp kiểm toán,AP_DUNG_CHO,gemini,0.75,enriched_metadata.doi_tuong_ap_dung = 'doanh nghiệp kiểm toán' (id=30402)
Document,30402,202/2012/TT-BTC,Entity,E0016,chi nhánh doanh nghiệp kiểm toán nước ngoài tại Việt Nam,AP_DUNG_CHO,gemini,0.75,enriched_metadata.doi_tuong_ap_dung = 'chi nhánh doanh nghiệp kiểm toán nước ngoài tại Việt Nam' (id=30402)
Document,173460,57/2024/TT-NHNN,Entity,E0003,Ngân hàng Nhà nước Việt Nam,BAN_HANH_BOI,metadata,1.0,enriched_metadata.co_quan_ban_hanh = 'Ngân hàng Nhà nước Việt Nam' (id=173460)
Document,173460,57/2024/TT-NHNN,Entity,E0074,Đoàn Thái Sơn,KY_BOI,metadata,1.0,enriched_metadata.nguoi_ky = 'Đoàn Thái Sơn' (id=173460)
Document,173460,57/2024/TT-NHNN,Entity,E0038,tổ chức tín dụng phi ngân hàng,AP_DUNG_CHO,gemini,0.75,enriched_metadata.doi_tuong_ap_dung = 'tổ chức tín dụng phi ngân hàng' (id=173460)
Document,27257,44/2011/TT-NHNN,Entity,E0003,Ngân hàng Nhà nước Việt Nam,BAN_HANH_BOI,metadata,1.0,enriched_metadata.co_quan_ban_hanh = 'Ngân hàng Nhà nước Việt Nam' (id=27257)
Document,27257,44/2011/TT-NHNN,Entity,E0070,Trần Minh Tuấn,KY_BOI,metadata,1.0,enriched_metadata.nguoi_ky = 'Trần Minh Tuấn' (id=27257)
Document,27257,44/2011/TT-NHNN,Entity,E0053,Ngân hàng,THUOC_LINH_VUC,gemini,0.75,enriched_metadata.linh_vuc = 'Ngân hàng' (id=27257)
Document,27257,44/2011/TT-NHNN,Entity,E0036,Tổ chức tín dụng,AP_DUNG_CHO,gemini,0.75,enriched_metadata.doi_tuong_ap_dung = 'Tổ chức tín dụng' (id=27257)
Document,27257,44/2011/TT-NHNN,Entity,E0017,chi nhánh ngân hàng nước ngoài,AP_DUNG_CHO,gemini,0.75,enriched_metadata.doi_tuong_ap_dung = 'chi nhánh ngân hàng nước ngoài' (id=27257)
Document,143217,66/2020/TT-BTC,Entity,E0001,Bộ Tài chính,BAN_HANH_BOI,metadata,1.0,enriched_metadata.co_quan_ban_hanh = 'Bộ Tài chính' (id=143217)
Document,143217,66/2020/TT-BTC,Entity,E0076,Đỗ Hoàng Anh Tuấn,KY_BOI,gemini,0.75,enriched_metadata.nguoi_ky = 'Đỗ Hoàng Anh Tuấn' (id=143217)
Document,143217,66/2020/TT-BTC,Entity,E0060,Kiểm toán nội bộ,THUOC_LINH_VUC,gemini,0.75,enriched_metadata.linh_vuc = 'Kiểm toán nội bộ' (id=143217)
Document,143217,66/2020/TT-BTC,Entity,E0020,Doanh nghiệp,AP_DUNG_CHO,gemini,0.75,enriched_metadata.doi_tuong_ap_dung = 'Doanh nghiệp' (id=143217)
Document,168859,29/2024/TT-NHNN,Entity,E0003,Ngân hàng Nhà nước Việt Nam,BAN_HANH_BOI,metadata,1.0,enriched_metadata.co_quan_ban_hanh = 'Ngân hàng Nhà nước Việt Nam' (id=168859)
Document,168859,29/2024/TT-NHNN,Entity,E0075,Đào Minh Tú,KY_BOI,metadata,1.0,enriched_metadata.nguoi_ky = 'Đào Minh Tú' (id=168859)
Document,168859,29/2024/TT-NHNN,Entity,E0032,Quỹ tín dụng nhân dân,AP_DUNG_CHO,gemini,0.75,enriched_metadata.doi_tuong_ap_dung = 'Quỹ tín dụng nhân dân' (id=168859)
Document,168859,29/2024/TT-NHNN,Entity,E0012,Ngân hàng hợp tác xã,AP_DUNG_CHO,gemini,0.75,enriched_metadata.doi_tuong_ap_dung = 'Ngân hàng hợp tác xã' (id=168859)
Document,150974,08/2021/TT-BTC,Entity,E0001,Bộ Tài chính,BAN_HANH_BOI,metadata,1.0,enriched_metadata.co_quan_ban_hanh = 'Bộ Tài chính' (id=150974)
Document,150974,08/2021/TT-BTC,Entity,E0072,Tạ Anh Tuấn,KY_BOI,metadata,1.0,enriched_metadata.nguoi_ky = 'Tạ Anh Tuấn' (id=150974)
Document,150974,08/2021/TT-BTC,Entity,E0049,kiểm toán,THUOC_LINH_VUC,metadata,1.0,enriched_metadata.linh_vuc = 'kiểm toán' (id=150974)
Document,150974,08/2021/TT-BTC,Entity,E0020,Doanh nghiệp,AP_DUNG_CHO,gemini,0.75,enriched_metadata.doi_tuong_ap_dung = 'Doanh nghiệp' (id=150974)
Document,150974,08/2021/TT-BTC,Entity,E0019,cơ quan nhà nước,AP_DUNG_CHO,gemini,0.75,enriched_metadata.doi_tuong_ap_dung = 'cơ quan nhà nước' (id=150974)
Document,164719,22/2023/TT-NHNN,Entity,E0003,Ngân hàng Nhà nước Việt Nam,BAN_HANH_BOI,metadata,1.0,enriched_metadata.co_quan_ban_hanh = 'Ngân hàng Nhà nước Việt Nam' (id=164719)
Document,164719,22/2023/TT-NHNN,Entity,E0074,Đoàn Thái Sơn,KY_BOI,metadata,1.0,enriched_metadata.nguoi_ky = 'Đoàn Thái Sơn' (id=164719)
Document,164719,22/2023/TT-NHNN,Entity,E0030,ngân hàng,AP_DUNG_CHO,gemini,0.75,enriched_metadata.doi_tuong_ap_dung = 'ngân hàng' (id=164719)
Document,164719,22/2023/TT-NHNN,Entity,E0017,chi nhánh ngân hàng nước ngoài,AP_DUNG_CHO,gemini,0.75,enriched_metadata.doi_tuong_ap_dung = 'chi nhánh ngân hàng nước ngoài' (id=164719)
Document,173695,56/2024/TT-NHNN,Entity,E0003,Ngân hàng Nhà nước Việt Nam,BAN_HANH_BOI,metadata,1.0,enriched_metadata.co_quan_ban_hanh = 'Ngân hàng Nhà nước Việt Nam' (id=173695)
Document,173695,56/2024/TT-NHNN,Entity,E0074,Đoàn Thái Sơn,KY_BOI,metadata,1.0,enriched_metadata.nguoi_ky = 'Đoàn Thái Sơn' (id=173695)
Document,173695,56/2024/TT-NHNN,Entity,E0031,ngân hàng thương mại,AP_DUNG_CHO,gemini,0.75,enriched_metadata.doi_tuong_ap_dung = 'ngân hàng thương mại' (id=173695)
Document,173695,56/2024/TT-NHNN,Entity,E0017,chi nhánh ngân hàng nước ngoài,AP_DUNG_CHO,gemini,0.75,enriched_metadata.doi_tuong_ap_dung = 'chi nhánh ngân hàng nước ngoài' (id=173695)
Document,173695,56/2024/TT-NHNN,Entity,E0041,văn phòng đại diện nước ngoài,AP_DUNG_CHO,gemini,0.75,enriched_metadata.doi_tuong_ap_dung = 'văn phòng đại diện nước ngoài' (id=173695)
Document,186482,69/2025/TT-NHNN,Entity,E0003,Ngân hàng Nhà nước Việt Nam,BAN_HANH_BOI,metadata,1.0,enriched_metadata.co_quan_ban_hanh = 'Ngân hàng Nhà nước Việt Nam' (id=186482)
Document,186482,69/2025/TT-NHNN,Entity,E0074,Đoàn Thái Sơn,KY_BOI,metadata,1.0,enriched_metadata.nguoi_ky = 'Đoàn Thái Sơn' (id=186482)
Document,186482,69/2025/TT-NHNN,Entity,E0047,Cục An toàn hệ thống các tổ chức tín dụng,THUOC_LINH_VUC,metadata,1.0,enriched_metadata.linh_vuc = 'Cục An toàn hệ thống các tổ chức tín dụng' (id=186482)
Document,186482,69/2025/TT-NHNN,Entity,E0036,tổ chức tín dụng,AP_DUNG_CHO,gemini,0.75,enriched_metadata.doi_tuong_ap_dung = 'tổ chức tín dụng' (id=186482)
Document,186482,69/2025/TT-NHNN,Entity,E0017,chi nhánh ngân hàng nước ngoài,AP_DUNG_CHO,gemini,0.75,enriched_metadata.doi_tuong_ap_dung = 'chi nhánh ngân hàng nước ngoài' (id=186482)
Document,186482,69/2025/TT-NHNN,Entity,E0008,Công ty quản lý tài sản của các tổ chức tín dụng Việt Nam,AP_DUNG_CHO,gemini,0.75,enriched_metadata.doi_tuong_ap_dung = 'Công ty quản lý tài sản của các tổ chức tín dụng Việt Nam' (id=186482)
Document,112924,105/2016/TT-BTC,Entity,E0001,Bộ Tài chính,BAN_HANH_BOI,metadata,1.0,enriched_metadata.co_quan_ban_hanh = 'Bộ Tài chính' (id=112924)
Document,112924,105/2016/TT-BTC,Entity,E0071,Trần Xuân Hà,KY_BOI,metadata,1.0,enriched_metadata.nguoi_ky = 'Trần Xuân Hà' (id=112924)
Document,112924,105/2016/TT-BTC,Entity,E0045,Chứng khoán,THUOC_LINH_VUC,gemini,0.75,enriched_metadata.linh_vuc = 'Chứng khoán' (id=112924)
Document,112924,105/2016/TT-BTC,Entity,E0044,Bảo hiểm,THUOC_LINH_VUC,gemini,0.75,enriched_metadata.linh_vuc = 'Bảo hiểm' (id=112924)
Document,112924,105/2016/TT-BTC,Entity,E0034,tổ chức kinh doanh chứng khoán,AP_DUNG_CHO,gemini,0.75,enriched_metadata.doi_tuong_ap_dung = 'tổ chức kinh doanh chứng khoán' (id=112924)
Document,112924,105/2016/TT-BTC,Entity,E0033,quỹ đầu tư chứng khoán,AP_DUNG_CHO,gemini,0.75,enriched_metadata.doi_tuong_ap_dung = 'quỹ đầu tư chứng khoán' (id=112924)
Document,112924,105/2016/TT-BTC,Entity,E0018,công ty đầu tư chứng khoán,AP_DUNG_CHO,gemini,0.75,enriched_metadata.doi_tuong_ap_dung = 'công ty đầu tư chứng khoán' (id=112924)
Document,112924,105/2016/TT-BTC,Entity,E0022,doanh nghiệp kinh doanh bảo hiểm,AP_DUNG_CHO,gemini,0.75,enriched_metadata.doi_tuong_ap_dung = 'doanh nghiệp kinh doanh bảo hiểm' (id=112924)
Document,174218,62/2024/TT-NHNN,Entity,E0003,Ngân hàng Nhà nước Việt Nam,BAN_HANH_BOI,metadata,1.0,enriched_metadata.co_quan_ban_hanh = 'Ngân hàng Nhà nước Việt Nam' (id=174218)
Document,174218,62/2024/TT-NHNN,Entity,E0074,Đoàn Thái Sơn,KY_BOI,metadata,1.0,enriched_metadata.nguoi_ky = 'Đoàn Thái Sơn' (id=174218)
Document,174218,62/2024/TT-NHNN,Entity,E0031,Ngân hàng thương mại,AP_DUNG_CHO,gemini,0.75,enriched_metadata.doi_tuong_ap_dung = 'Ngân hàng thương mại' (id=174218)
Document,174218,62/2024/TT-NHNN,Entity,E0038,tổ chức tín dụng phi ngân hàng,AP_DUNG_CHO,gemini,0.75,enriched_metadata.doi_tuong_ap_dung = 'tổ chức tín dụng phi ngân hàng' (id=174218)
Document,186888,62/2025/TT-NHNN,Entity,E0003,Ngân hàng Nhà nước Việt Nam,BAN_HANH_BOI,metadata,1.0,enriched_metadata.co_quan_ban_hanh = 'Ngân hàng Nhà nước Việt Nam' (id=186888)
Document,186888,62/2025/TT-NHNN,Entity,E0074,Đoàn Thái Sơn,KY_BOI,metadata,1.0,enriched_metadata.nguoi_ky = 'Đoàn Thái Sơn' (id=186888)
Document,186888,62/2025/TT-NHNN,Entity,E0047,Cục An toàn hệ thống các tổ chức tín dụng,THUOC_LINH_VUC,metadata,1.0,enriched_metadata.linh_vuc = 'Cục An toàn hệ thống các tổ chức tín dụng' (id=186888)
Document,6e689cd0-6f81-11f1-94d6-fd5d6d5ff793,52/VBHN-NHNN,Entity,E0003,Ngân hàng Nhà nước Việt Nam,BAN_HANH_BOI,metadata,1.0,enriched_metadata.co_quan_ban_hanh = 'Ngân hàng Nhà nước Việt Nam' (id=6e689cd0-6f81-11f1-94d6-fd5d6d5ff793)
Document,6e689cd0-6f81-11f1-94d6-fd5d6d5ff793,52/VBHN-NHNN,Entity,E0074,Đoàn Thái Sơn,KY_BOI,metadata,1.0,enriched_metadata.nguoi_ky = 'Đoàn Thái Sơn' (id=6e689cd0-6f81-11f1-94d6-fd5d6d5ff793)
Document,6e689cd0-6f81-11f1-94d6-fd5d6d5ff793,52/VBHN-NHNN,Entity,E0053,Ngân hàng,THUOC_LINH_VUC,gemini,0.75,enriched_metadata.linh_vuc = 'Ngân hàng' (id=6e689cd0-6f81-11f1-94d6-fd5d6d5ff793)
Document,6e689cd0-6f81-11f1-94d6-fd5d6d5ff793,52/VBHN-NHNN,Entity,E0031,Ngân hàng thương mại,AP_DUNG_CHO,gemini,0.75,enriched_metadata.doi_tuong_ap_dung = 'Ngân hàng thương mại' (id=6e689cd0-6f81-11f1-94d6-fd5d6d5ff793)
Document,6e689cd0-6f81-11f1-94d6-fd5d6d5ff793,52/VBHN-NHNN,Entity,E0017,chi nhánh ngân hàng nước ngoài,AP_DUNG_CHO,gemini,0.75,enriched_metadata.doi_tuong_ap_dung = 'chi nhánh ngân hàng nước ngoài' (id=6e689cd0-6f81-11f1-94d6-fd5d6d5ff793)
Document,6e689cd0-6f81-11f1-94d6-fd5d6d5ff793,52/VBHN-NHNN,Entity,E0041,văn phòng đại diện nước ngoài,AP_DUNG_CHO,gemini,0.75,enriched_metadata.doi_tuong_ap_dung = 'văn phòng đại diện nước ngoài' (id=6e689cd0-6f81-11f1-94d6-fd5d6d5ff793)
Document,185630,63/2025/TT-NHNN,Entity,E0003,Ngân hàng Nhà nước Việt Nam,BAN_HANH_BOI,metadata,1.0,enriched_metadata.co_quan_ban_hanh = 'Ngân hàng Nhà nước Việt Nam' (id=185630)
Document,185630,63/2025/TT-NHNN,Entity,E0074,Đoàn Thái Sơn,KY_BOI,metadata,1.0,enriched_metadata.nguoi_ky = 'Đoàn Thái Sơn' (id=185630)
Document,185630,63/2025/TT-NHNN,Entity,E0032,quỹ tín dụng nhân dân,AP_DUNG_CHO,gemini,0.75,enriched_metadata.doi_tuong_ap_dung = 'quỹ tín dụng nhân dân' (id=185630)
Document,185630,63/2025/TT-NHNN,Entity,E0012,ngân hàng hợp tác xã,AP_DUNG_CHO,gemini,0.75,enriched_metadata.doi_tuong_ap_dung = 'ngân hàng hợp tác xã' (id=185630)
Document,117310,41/2016/TT-NHNN,Entity,E0003,Ngân hàng Nhà nước Việt Nam,BAN_HANH_BOI,metadata,1.0,enriched_metadata.co_quan_ban_hanh = 'Ngân hàng Nhà nước Việt Nam' (id=117310)
Document,117310,41/2016/TT-NHNN,Entity,E0067,Nguyễn Đồng Tiến,KY_BOI,metadata,1.0,enriched_metadata.nguoi_ky = 'Nguyễn Đồng Tiến' (id=117310)
Document,166269,17/2023/QH15,Entity,E0004,Quốc hội,BAN_HANH_BOI,metadata,1.0,enriched_metadata.co_quan_ban_hanh = 'Quốc hội' (id=166269)
Document,166269,17/2023/QH15,Entity,E0073,Vương Đình Huệ,KY_BOI,metadata,1.0,enriched_metadata.nguoi_ky = 'Vương Đình Huệ' (id=166269)
Document,166269,17/2023/QH15,Entity,E0048,Kinh tế tập thể,THUOC_LINH_VUC,gemini,0.75,enriched_metadata.linh_vuc = 'Kinh tế tập thể' (id=166269)
Document,166269,17/2023/QH15,Entity,E0040,Tổ hợp tác,AP_DUNG_CHO,gemini,0.75,enriched_metadata.doi_tuong_ap_dung = 'Tổ hợp tác' (id=166269)
Document,166269,17/2023/QH15,Entity,E0026,hợp tác xã,AP_DUNG_CHO,gemini,0.75,enriched_metadata.doi_tuong_ap_dung = 'hợp tác xã' (id=166269)
Document,166269,17/2023/QH15,Entity,E0029,liên hiệp hợp tác xã,AP_DUNG_CHO,gemini,0.75,enriched_metadata.doi_tuong_ap_dung = 'liên hiệp hợp tác xã' (id=166269)
Document,177271,01/2025/TT-NHNN,Entity,E0003,Ngân hàng Nhà nước Việt Nam,BAN_HANH_BOI,metadata,1.0,enriched_metadata.co_quan_ban_hanh = 'Ngân hàng Nhà nước Việt Nam' (id=177271)
Document,177271,01/2025/TT-NHNN,Entity,E0074,Đoàn Thái Sơn,KY_BOI,metadata,1.0,enriched_metadata.nguoi_ky = 'Đoàn Thái Sơn' (id=177271)
Document,177271,01/2025/TT-NHNN,Entity,E0047,Cục An toàn hệ thống các tổ chức tín dụng,THUOC_LINH_VUC,metadata,1.0,enriched_metadata.linh_vuc = 'Cục An toàn hệ thống các tổ chức tín dụng' (id=177271)
Document,177271,01/2025/TT-NHNN,Entity,E0032,quỹ tín dụng nhân dân,AP_DUNG_CHO,gemini,0.75,enriched_metadata.doi_tuong_ap_dung = 'quỹ tín dụng nhân dân' (id=177271)
Document,44209,01/2014/TT-NHNN,Entity,E0003,Ngân hàng Nhà nước Việt Nam,BAN_HANH_BOI,metadata,1.0,enriched_metadata.co_quan_ban_hanh = 'Ngân hàng Nhà nước Việt Nam' (id=44209)
Document,44209,01/2014/TT-NHNN,Entity,E0075,Đào Minh Tú,KY_BOI,metadata,1.0,enriched_metadata.nguoi_ky = 'Đào Minh Tú' (id=44209)
Document,44209,01/2014/TT-NHNN,Entity,E0054,Phát hành và kho quỹ,THUOC_LINH_VUC,metadata,1.0,enriched_metadata.linh_vuc = 'Phát hành và kho quỹ' (id=44209)
Document,44209,01/2014/TT-NHNN,Entity,E0036,tổ chức tín dụng,AP_DUNG_CHO,gemini,0.75,enriched_metadata.doi_tuong_ap_dung = 'tổ chức tín dụng' (id=44209)
Document,25692,46/2010/QH12,Entity,E0004,Quốc hội,BAN_HANH_BOI,metadata,1.0,enriched_metadata.co_quan_ban_hanh = 'Quốc hội' (id=25692)
Document,25692,46/2010/QH12,Entity,E0064,Nguyễn Phú Trọng,KY_BOI,metadata,1.0,enriched_metadata.nguoi_ky = 'Nguyễn Phú Trọng' (id=25692)
Document,25692,46/2010/QH12,Entity,E0058,Tiền tệ,THUOC_LINH_VUC,gemini,0.75,enriched_metadata.linh_vuc = 'Tiền tệ' (id=25692)
Document,25692,46/2010/QH12,Entity,E0053,Ngân hàng,THUOC_LINH_VUC,gemini,0.75,enriched_metadata.linh_vuc = 'Ngân hàng' (id=25692)
Document,25692,46/2010/QH12,Entity,E0036,Tổ chức tín dụng,AP_DUNG_CHO,gemini,0.75,enriched_metadata.doi_tuong_ap_dung = 'Tổ chức tín dụng' (id=25692)
Document,25692,46/2010/QH12,Entity,E0017,chi nhánh ngân hàng nước ngoài,AP_DUNG_CHO,gemini,0.75,enriched_metadata.doi_tuong_ap_dung = 'chi nhánh ngân hàng nước ngoài' (id=25692)
